{"cameraMode":{"drawMode":0,"name":"Shaded","section":"Shading Mode"},"sceneLighting":false,"audioPlay":false,"sceneViewState":{"m_AlwaysRefresh":false,"showFog":true,"showSkybox":false,"showFlares":true,"showImageEffects":true,"showParticleSystems":true,"showVisualEffectGraphs":true,"m_FxEnabled":true},"in2DMode":false,"pivot":{"x":0.37516894936561587,"y":0.8679958581924439,"z":-0.6387579441070557},"rotation":{"x":-0.25659167766571047,"y":0.16373571753501893,"z":-0.04415389895439148,"w":-0.9515240788459778},"size":0.8660253882408142,"orthographic":false}