{"cameraMode":{"drawMode":0,"name":"Shaded","section":"Shading Mode"},"sceneLighting":true,"audioPlay":false,"sceneViewState":{"m_AlwaysRefresh":false,"showFog":true,"showSkybox":true,"showFlares":true,"showImageEffects":true,"showParticleSystems":true,"showVisualEffectGraphs":true,"m_FxEnabled":true},"in2DMode":false,"pivot":{"x":-0.02981698513031006,"y":1.500415325164795,"z":-5.641950607299805},"rotation":{"x":0.08403374999761582,"y":-0.7606096863746643,"z":0.10052091628313065,"w":0.6358522176742554},"size":2.379307270050049,"orthographic":true}